order_id,hour_local,pickup_zone,dropoff_zone,trip_miles,fair_pay,status,selected_driver_id,suitability_score,estimated_pickup_minutes,candidate_count,offer_reason,offer_response_seconds,redispatch_attempts,merchant_id,merchant_name,merchant_prep_minutes,merchant_batching_delay_minutes,merchant_reliability_delay_minutes,merchant_ready_minutes,driver_arrival_minutes,driver_wait_minutes,trip_minutes,return_minutes,active_minutes,is_batched,rush_applied,driven_miles,hour_demand_multiplier,hour_speed_multiplier,surge_multiplier,dynamic_base_bonus,pressure_score,driver_attraction_score
O00001,13,Westerville,Downtown,3.77,16.69,assigned,D051,0.81,2.07,55,accepted,41.33,0,M006,Westerville Eats,17.35,0.0,0.0,17.35,3.19,14.16,12.81,5.91,38.0,False,True,6.45,1.45,0.76,1.45,3.5,4.15,6.02
O00002,15,Gahanna,Westerville,2.61,12.23,assigned,D042,0.74,1.47,55,accepted,19.78,0,M004,Gahanna Bites,14.51,0.0,0.0,14.51,1.51,13.0,5.89,5.17,26.45,False,False,5.57,0.92,0.95,1.45,3.5,3.31,4.8
O00003,19,Clintonville,Gahanna,2.6,13.74,assigned,D028,0.72,1.03,55,accepted,28.93,0,M005,Clintonville Cafe,5.86,0.0,0.0,5.86,1.4,4.46,7.74,7.56,22.02,False,True,5.61,1.62,0.72,1.45,3.5,3.41,4.94
O00004,18,Westerville,Easton,5.56,26.8,assigned,D042,0.74,3.19,55,accepted,32.39,0,M006,Westerville Eats,15.07,4.07,0.0,19.14,5.83,13.31,22.36,5.15,48.31,True,True,8.29,1.62,0.72,1.45,3.5,4.15,6.02
O00005,22,Westerville,Polaris,2.51,11.62,assigned,D042,0.83,0.46,55,accepted,24.23,0,M006,Westerville Eats,18.69,0.0,0.0,18.69,0.47,18.22,5.6,4.73,30.97,False,False,4.84,0.72,0.96,1.45,3.5,4.15,6.02
O00006,19,Downtown,Clintonville,5.24,21.47,assigned,D042,0.65,2.29,55,accepted,26.2,0,M003,Downtown Express,20.73,4.87,0.0,25.6,3.1,22.5,15.6,6.99,50.09,True,True,8.63,1.62,0.72,1.3,2.25,2.09,2.72
O00007,10,Easton,Easton,1.95,9.72,assigned,D007,0.83,0.99,55,accepted,21.5,0,M002,Easton Kitchen,18.3,0.0,0.0,18.3,1.05,17.25,4.54,3.68,28.43,False,False,3.98,0.78,0.92,1.45,3.5,4.84,7.02
O00008,13,Easton,Polaris,2.55,12.45,assigned,D022,0.82,1.83,53,accepted,26.47,2,M002,Easton Kitchen,17.8,4.84,0.0,22.64,2.82,19.82,8.66,8.29,41.5,True,True,5.82,1.45,0.76,1.45,3.5,4.84,7.02
O00009,22,Polaris,Westerville,4.13,16.46,assigned,D023,0.64,2.07,55,accepted,16.75,0,M001,Polaris Grill,14.69,0.0,0.0,14.69,2.1,12.59,9.22,7.79,33.3,False,False,8.56,0.72,0.96,1.45,3.5,2.75,3.99
O00010,21,Westerville,Gahanna,7.12,31.46,assigned,D035,0.64,1.76,55,accepted,37.11,0,M006,Westerville Eats,16.83,0.0,0.0,16.83,1.79,15.04,15.89,2.28,36.74,False,False,8.94,0.72,0.96,1.45,3.5,4.15,6.02
O00011,17,Westerville,Gahanna,6.78,28.43,assigned,D029,0.63,2.42,55,accepted,16.43,0,M006,Westerville Eats,16.23,0.0,0.0,16.23,4.42,11.81,27.27,8.08,52.44,False,True,9.89,1.62,0.72,1.45,3.5,4.15,6.02
O00012,18,Clintonville,Clintonville,3.98,19.53,assigned,D038,0.58,1.58,55,accepted,8.39,0,M005,Clintonville Cafe,11.56,0.0,0.0,11.56,2.9,8.66,16.01,8.16,37.27,False,True,6.73,1.62,0.72,1.45,3.5,3.41,4.94
O00013,8,Gahanna,Westerville,3.43,16.73,assigned,D038,0.66,0.79,55,accepted,31.92,0,M004,Gahanna Bites,11.93,0.0,0.0,11.93,1.21,10.72,11.49,3.62,27.71,False,False,4.87,0.55,0.82,1.45,3.5,3.31,4.8
O00014,21,Westerville,Gahanna,5.77,21.53,assigned,D014,0.56,1.3,55,accepted,12.54,0,M006,Westerville Eats,18.82,0.0,0.0,18.82,1.32,17.5,12.88,2.46,35.77,False,False,7.46,0.72,0.96,1.45,3.5,4.15,6.02
O00015,15,Clintonville,Easton,1.75,9.41,assigned,D032,0.56,1.83,55,accepted,15.43,0,M005,Clintonville Cafe,8.78,0.0,0.0,8.78,1.87,6.91,3.95,4.17,18.53,False,False,4.43,0.92,0.95,1.45,3.5,3.41,4.94
O00016,18,Downtown,Polaris,1.44,7.56,assigned,D024,0.54,2.4,54,accepted,10.1,1,M003,Downtown Express,21.52,0.0,0.0,21.52,4.38,17.14,5.79,3.46,32.03,False,True,3.39,1.62,0.72,1.3,2.25,2.09,2.72
O00017,12,Clintonville,Downtown,6.22,28.87,assigned,D006,0.55,1.21,55,accepted,27.83,0,M005,Clintonville Cafe,11.52,0.0,0.0,11.52,1.87,9.65,21.13,8.49,42.41,False,True,9.27,1.45,0.76,1.45,3.5,3.41,4.94
O00018,18,Westerville,Westerville,7.07,24.94,assigned,D052,0.54,2.02,55,accepted,9.96,0,M006,Westerville Eats,22.75,0.0,0.0,22.75,3.7,19.05,28.43,12.59,65.48,False,True,11.12,1.62,0.72,1.45,3.5,4.15,6.02
O00019,16,Westerville,Easton,7.83,33.02,assigned,D011,0.51,3.48,54,accepted,39.78,1,M006,Westerville Eats,17.68,3.72,0.0,21.4,4.82,16.58,23.87,9.97,57.13,True,False,12.68,0.92,0.95,1.45,3.5,4.15,6.02
O00020,10,Easton,Clintonville,5.54,25.82,assigned,D011,0.97,0.62,55,accepted,41.26,0,M002,Easton Kitchen,8.44,0.0,0.0,8.44,0.65,7.79,12.9,4.15,26.62,False,False,7.6,0.78,0.92,1.45,3.5,4.84,7.02
O00021,18,Easton,Clintonville,6.23,27.47,assigned,D036,0.69,3.5,55,accepted,30.5,0,M002,Easton Kitchen,30.0,0.0,0.0,30.0,6.39,23.61,25.06,9.41,65.95,False,True,10.16,1.62,0.72,1.45,3.5,4.84,7.02
O00022,13,Gahanna,Gahanna,4.4,20.37,assigned,D035,0.65,3.39,55,accepted,32.75,0,M004,Gahanna Bites,9.46,0.0,0.0,9.46,5.23,4.23,14.95,3.43,28.34,False,True,6.95,1.45,0.76,1.45,3.5,3.31,4.8
O00023,19,Downtown,Gahanna,3.03,12.71,assigned,D035,0.75,0.57,55,accepted,16.42,0,M003,Downtown Express,19.6,0.0,0.0,19.6,0.77,18.83,9.02,4.52,34.06,False,True,4.81,1.62,0.72,1.3,2.25,2.09,2.72
O00024,9,Gahanna,Gahanna,5.49,20.11,assigned,D028,0.58,4.27,54,accepted,38.05,1,M004,Gahanna Bites,9.66,0.0,0.0,9.66,5.79,3.87,16.39,6.18,33.05,False,False,9.5,0.78,0.92,1.45,3.5,3.31,4.8
O00025,16,Clintonville,Easton,1.49,10.08,assigned,D036,0.79,2.42,55,accepted,15.97,0,M005,Clintonville Cafe,8.18,0.0,7.18,15.36,3.35,12.01,4.54,3.75,25.45,False,False,3.82,0.92,0.95,1.45,3.5,3.41,4.94
O00026,13,Easton,Polaris,2.52,13.53,assigned,D036,0.95,0.77,55,accepted,32.87,0,M002,Easton Kitchen,14.73,0.0,0.0,14.73,1.19,13.54,8.56,6.83,31.51,False,True,4.88,1.45,0.76,1.45,3.5,4.84,7.02
O00027,20,Polaris,Westerville,4.63,19.25,assigned,D028,0.72,1.01,55,accepted,18.22,0,M001,Polaris Grill,15.95,0.0,0.0,15.95,1.37,14.58,13.78,2.62,34.27,False,True,5.97,1.62,0.72,1.45,3.5,2.75,3.99
O00028,12,Downtown,Gahanna,3.61,15.93,assigned,D017,0.5,1.78,54,accepted,40.01,1,M003,Downtown Express,28.57,0.0,0.0,28.57,2.75,25.82,12.26,9.34,51.86,False,True,7.17,1.45,0.76,1.3,2.25,2.09,2.72
O00029,10,Polaris,Clintonville,1.47,8.5,assigned,D036,0.6,4.29,55,accepted,36.88,0,M001,Polaris Grill,16.3,0.0,0.0,16.3,4.54,11.76,3.42,3.66,24.94,False,False,4.99,0.78,0.92,1.45,3.5,2.75,3.99
O00030,19,Downtown,Clintonville,7.51,30.46,assigned,D051,0.51,5.04,55,accepted,26.95,0,M003,Downtown Express,30.65,0.0,0.0,30.65,6.82,23.83,22.35,4.46,58.33,False,True,11.3,1.62,0.72,1.3,2.25,2.09,2.72
O00031,17,Gahanna,Downtown,4.22,16.89,assigned,D051,0.66,1.61,55,accepted,14.48,0,M004,Gahanna Bites,20.85,0.0,0.0,20.85,2.94,17.91,16.97,9.45,48.78,False,True,7.3,1.62,0.72,1.45,3.5,3.31,4.8
O00032,12,Polaris,Easton,4.43,16.64,assigned,D024,0.58,3.72,55,accepted,32.63,0,M001,Polaris Grill,12.43,0.0,0.0,12.43,5.74,6.69,15.05,3.94,32.64,False,True,7.28,1.45,0.76,1.45,3.5,2.75,3.99
O00033,14,Downtown,Gahanna,4.4,18.5,assigned,D015,0.47,3.37,54,accepted,24.28,1,M003,Downtown Express,19.02,0.0,0.0,19.02,3.45,15.57,9.92,4.65,35.0,False,False,7.99,0.92,0.95,1.3,2.25,2.09,2.72
O00034,18,Polaris,Clintonville,7.03,29.43,assigned,D015,0.64,1.61,55,accepted,20.94,0,M001,Polaris Grill,16.57,0.0,0.0,16.57,2.94,13.63,28.27,12.07,57.94,False,True,10.76,1.62,0.72,1.45,3.5,2.75,3.99
O00035,15,Easton,Polaris,1.88,12.68,assigned,D030,0.63,3.78,54,accepted,20.6,1,M002,Easton Kitchen,13.72,0.0,0.0,13.72,3.88,9.84,4.24,5.17,24.47,False,False,5.89,0.92,0.95,1.45,3.5,4.84,7.02
O00036,19,Westerville,Downtown,5.93,22.51,assigned,D030,0.65,1.72,55,accepted,27.69,0,M006,Westerville Eats,17.74,0.0,0.0,17.74,2.32,15.42,17.65,3.42,39.54,False,True,7.86,1.62,0.72,1.45,3.5,4.15,6.02
O00037,22,Westerville,Gahanna,3.2,17.32,assigned,D015,0.61,1.94,55,accepted,16.75,0,M006,Westerville Eats,17.35,0.0,0.0,17.35,1.96,15.39,7.14,4.53,30.98,False,False,6.11,0.72,0.96,1.45,3.5,4.15,6.02
O00038,19,Gahanna,Westerville,2.26,11.52,assigned,D017,0.63,2.27,55,accepted,13.76,0,M004,Gahanna Bites,11.44,0.0,0.0,11.44,3.07,8.37,6.73,5.36,24.75,False,True,5.09,1.62,0.72,1.45,3.5,3.31,4.8
O00039,18,Easton,Gahanna,7.51,27.95,assigned,D012,0.64,3.45,55,accepted,30.72,0,M002,Easton Kitchen,19.08,0.0,7.93,27.01,6.31,20.7,30.2,8.2,66.54,False,True,11.12,1.62,0.72,1.45,3.5,4.84,7.02
O00040,11,Downtown,Gahanna,3.15,12.35,assigned,D030,0.77,2.33,55,accepted,20.69,0,M003,Downtown Express,22.11,4.53,0.0,26.64,3.6,23.04,10.7,5.81,44.65,True,True,5.92,1.45,0.76,1.3,2.25,2.09,2.72
O00041,18,Clintonville,Easton,8.49,32.13,offer_declined_exhausted,,0.0,0.0,55,all_attempts_declined,0.0,3,M005,Clintonville Cafe,13.05,4.65,0.0,17.7,0.0,17.7,0.0,0.0,0.0,True,True,0.0,1.62,0.72,1.45,3.5,3.41,4.94
O00042,17,Downtown,Westerville,3.63,16.44,assigned,D051,0.61,3.89,55,accepted,13.06,0,M003,Downtown Express,24.37,2.48,0.0,26.85,7.12,19.73,14.6,11.66,54.4,True,True,8.3,1.62,0.72,1.3,2.25,2.09,2.72
O00043,7,Downtown,Clintonville,8.36,28.29,assigned,D046,0.45,4.51,55,accepted,41.67,0,M003,Downtown Express,13.38,0.0,0.0,13.38,6.87,6.51,28.01,7.94,50.85,False,False,12.78,0.55,0.82,1.3,2.25,2.09,2.72
O00044,22,Gahanna,Clintonville,1.52,10.52,assigned,D030,0.6,3.96,55,accepted,11.18,0,M004,Gahanna Bites,14.75,0.0,0.0,14.75,4.02,10.73,3.39,4.38,23.84,False,False,5.28,0.72,0.96,1.45,3.5,3.31,4.8
O00045,11,Polaris,Polaris,8.42,35.72,assigned,D030,0.74,0.77,55,accepted,27.24,0,M001,Polaris Grill,19.48,0.0,0.0,19.48,1.19,18.29,28.6,2.79,51.51,False,True,9.59,1.45,0.76,1.45,3.5,2.75,3.99
O00046,12,Polaris,Clintonville,2.12,12.68,assigned,D030,0.65,3.45,55,accepted,38.18,0,M001,Polaris Grill,21.77,0.0,0.0,21.77,5.33,16.44,7.2,3.06,32.6,False,True,4.59,1.45,0.76,1.45,3.5,2.75,3.99
O00047,19,Polaris,Downtown,1.93,11.34,assigned,D030,0.72,0.86,55,accepted,40.69,0,M001,Polaris Grill,21.78,0.0,8.5,30.28,1.16,29.12,5.74,8.99,46.64,False,True,5.34,1.62,0.72,1.45,3.5,2.75,3.99
O00048,9,Westerville,Gahanna,8.28,28.27,assigned,D023,0.53,4.97,55,accepted,36.38,0,M006,Westerville Eats,11.95,0.0,3.14,15.09,6.75,8.34,24.73,6.45,48.11,False,False,12.7,0.78,0.92,1.45,3.5,4.15,6.02
O00049,4,Downtown,Gahanna,6.26,25.81,assigned,D023,0.61,2.33,55,accepted,41.13,0,M003,Downtown Express,29.43,0.0,0.0,29.43,2.03,27.4,11.98,4.99,47.55,False,False,9.93,0.22,1.12,1.3,2.25,2.09,2.72
O00050,23,Gahanna,Gahanna,3.97,17.31,assigned,D015,0.57,4.11,54,accepted,9.01,1,M004,Gahanna Bites,19.9,0.0,0.0,19.9,4.17,15.73,8.86,4.42,35.17,False,False,7.82,0.72,0.96,1.45,3.5,3.31,4.8
O00051,17,Downtown,Westerville,1.46,7.76,assigned,D045,0.45,3.76,53,accepted,10.79,2,M003,Downtown Express,32.33,0.0,0.0,32.33,6.88,25.45,5.87,9.29,49.06,False,True,5.48,1.62,0.72,1.3,2.25,2.09,2.72
O00052,19,Clintonville,Polaris,6.65,25.57,assigned,D046,0.55,5.28,55,accepted,18.48,0,M005,Clintonville Cafe,12.15,2.03,0.0,14.18,7.14,7.04,19.79,7.05,41.93,True,True,11.42,1.62,0.72,1.45,3.5,3.41,4.94
O00053,14,Polaris,Polaris,4.44,21.04,assigned,D046,0.95,1.19,55,accepted,11.16,0,M001,Polaris Grill,9.17,3.77,0.0,12.94,1.22,11.72,10.02,2.82,26.76,True,False,6.23,0.92,0.95,1.45,3.5,2.75,3.99
O00054,20,Clintonville,Gahanna,3.34,14.74,assigned,D036,0.52,5.06,54,accepted,27.45,1,M005,Clintonville Cafe,14.79,6.51,0.0,21.3,6.85,14.45,9.94,8.93,41.24,True,True,8.64,1.62,0.72,1.45,3.5,3.41,4.94
O00055,17,Clintonville,Clintonville,6.18,22.28,assigned,D036,0.72,1.23,55,accepted,24.46,0,M005,Clintonville Cafe,12.23,0.0,0.0,12.23,2.25,9.98,24.86,6.11,44.08,False,True,8.26,1.62,0.72,1.45,3.5,3.41,4.94
O00056,18,Polaris,Clintonville,5.72,22.47,assigned,D046,0.8,2.64,55,accepted,11.64,0,M001,Polaris Grill,16.87,0.0,0.0,16.87,4.83,12.04,23.01,6.03,47.83,False,True,8.42,1.62,0.72,1.45,3.5,2.75,3.99
O00057,13,Downtown,Clintonville,5.86,22.8,assigned,D036,0.65,1.85,54,accepted,12.63,1,M003,Downtown Express,26.71,0.0,0.0,26.71,2.85,23.86,19.91,7.81,56.35,False,True,9.0,1.45,0.76,1.3,2.25,2.09,2.72
O00058,13,Easton,Easton,7.78,31.57,assigned,D036,0.67,1.58,55,accepted,17.91,0,M002,Easton Kitchen,15.08,0.0,0.0,15.08,2.45,12.63,26.43,5.27,48.01,False,True,10.05,1.45,0.76,1.45,3.5,4.84,7.02
O00059,9,Gahanna,Clintonville,8.41,31.17,assigned,D046,0.65,2.33,55,accepted,28.14,0,M004,Gahanna Bites,9.07,4.82,0.0,13.89,3.17,10.72,25.11,6.84,47.36,True,False,11.76,0.78,0.92,1.45,3.5,3.31,4.8
O00060,18,Easton,Westerville,7.37,26.24,assigned,D036,0.63,3.74,55,accepted,22.91,0,M002,Easton Kitchen,28.76,0.0,0.0,28.76,6.84,21.92,29.64,5.55,65.49,False,True,10.45,1.62,0.72,1.45,3.5,4.84,7.02
O00061,20,Gahanna,Polaris,3.98,16.9,assigned,D015,0.65,3.26,55,accepted,30.39,0,M004,Gahanna Bites,11.54,0.0,0.0,11.54,4.4,7.14,11.85,4.91,29.98,False,True,7.11,1.62,0.72,1.45,3.5,3.31,4.8
O00062,20,Clintonville,Downtown,8.34,33.52,assigned,D046,0.7,3.59,54,accepted,31.52,1,M005,Clintonville Cafe,15.58,0.0,0.0,15.58,4.85,10.73,24.82,9.2,51.29,False,True,13.06,1.62,0.72,1.45,3.5,3.41,4.94
O00063,20,Gahanna,Easton,6.88,31.98,assigned,D015,0.71,0.86,55,accepted,30.36,0,M004,Gahanna Bites,10.16,0.0,0.0,10.16,1.16,9.0,20.48,9.46,41.57,False,True,10.45,1.62,0.72,1.45,3.5,3.31,4.8
O00064,19,Westerville,Westerville,6.86,25.62,assigned,D046,0.63,2.49,54,accepted,22.64,1,M006,Westerville Eats,16.15,0.0,0.0,16.15,3.36,12.79,20.42,8.78,46.24,False,True,10.94,1.62,0.72,1.45,3.5,4.15,6.02
O00065,10,Clintonville,Westerville,5.73,25.21,assigned,D015,0.72,0.7,55,accepted,34.26,0,M005,Clintonville Cafe,8.57,0.0,0.0,8.57,0.75,7.82,13.35,7.36,30.52,False,False,9.21,0.78,0.92,1.45,3.5,3.41,4.94
O00066,19,Westerville,Clintonville,5.79,26.88,assigned,D046,0.72,3.37,54,accepted,12.82,1,M006,Westerville Eats,14.71,0.0,4.91,19.62,4.55,15.07,17.23,6.1,44.14,False,True,9.37,1.62,0.72,1.45,3.5,4.15,6.02
O00067,18,Downtown,Easton,1.44,7.47,offer_declined_exhausted,,0.0,0.0,55,all_attempts_declined,0.0,3,M003,Downtown Express,15.7,0.0,0.0,15.7,0.0,15.7,0.0,0.0,0.0,False,True,0.0,1.62,0.72,1.3,2.25,2.09,2.72
O00068,14,Clintonville,Easton,6.66,23.58,assigned,D046,0.89,1.63,55,accepted,16.29,0,M005,Clintonville Cafe,12.48,0.0,0.0,12.48,1.67,10.81,15.02,4.42,32.66,False,False,9.36,0.92,0.95,1.45,3.5,3.41,4.94
O00069,16,Westerville,Clintonville,5.08,24.53,assigned,D015,0.72,2.42,55,accepted,22.69,0,M006,Westerville Eats,15.46,0.0,0.0,15.46,3.35,12.11,15.48,2.62,34.99,False,False,7.04,0.92,0.95,1.45,3.5,4.15,6.02
O00070,21,Gahanna,Clintonville,8.26,30.53,assigned,D015,0.62,1.56,55,accepted,15.0,0,M004,Gahanna Bites,16.04,0.0,0.0,16.04,1.58,14.46,18.44,4.96,41.15,False,False,11.19,0.72,0.96,1.45,3.5,3.31,4.8
O00071,8,Downtown,Downtown,8.23,27.81,assigned,D030,0.53,4.51,54,accepted,25.94,1,M003,Downtown Express,20.68,0.0,0.0,20.68,6.87,13.81,27.57,5.9,55.54,False,False,12.04,0.55,0.82,1.3,2.25,2.09,2.72
O00072,8,Clintonville,Polaris,6.12,24.71,assigned,D015,0.88,0.79,55,accepted,28.99,0,M005,Clintonville Cafe,10.61,0.0,0.0,10.61,1.21,9.4,20.5,3.48,36.15,False,False,7.52,0.55,0.82,1.45,3.5,3.41,4.94
O00073,14,Easton,Downtown,6.97,23.74,assigned,D046,0.68,3.65,55,accepted,25.37,0,M002,Easton Kitchen,18.31,5.47,4.14,27.92,3.74,24.18,15.72,6.99,51.35,True,False,11.73,0.92,0.95,1.45,3.5,4.84,7.02
O00074,16,Clintonville,Easton,6.67,24.68,assigned,D015,0.56,2.13,54,accepted,26.87,1,M005,Clintonville Cafe,12.82,0.0,0.0,12.82,2.96,9.86,20.33,6.92,40.78,False,False,9.91,0.92,0.95,1.45,3.5,3.41,4.94
O00075,16,Downtown,Gahanna,1.99,8.72,assigned,D046,0.78,2.64,55,accepted,40.77,0,M003,Downtown Express,23.34,0.0,2.96,26.3,3.66,22.64,6.07,3.81,37.42,False,False,4.44,0.92,0.95,1.3,2.25,2.09,2.72
O00076,12,Clintonville,Clintonville,3.59,17.29,assigned,D015,0.55,2.24,55,accepted,10.81,0,M005,Clintonville Cafe,14.49,0.0,0.0,14.49,3.46,11.03,12.2,6.39,34.72,False,True,6.49,1.45,0.76,1.45,3.5,3.41,4.94
O00077,19,Polaris,Polaris,7.84,28.62,assigned,D015,0.56,2.11,55,accepted,34.04,0,M001,Polaris Grill,13.97,0.0,0.0,13.97,2.86,11.11,23.33,4.35,42.32,False,True,10.26,1.62,0.72,1.45,3.5,2.75,3.99
O00078,14,Downtown,Westerville,3.42,14.15,assigned,D015,0.65,1.1,55,accepted,35.97,0,M003,Downtown Express,17.15,0.0,0.0,17.15,1.13,16.02,7.71,6.0,32.44,False,False,6.58,0.92,0.95,1.3,2.25,2.09,2.72
O00079,20,Gahanna,Gahanna,4.04,18.13,assigned,D046,0.6,4.36,55,accepted,41.98,0,M004,Gahanna Bites,20.15,0.0,0.0,20.15,5.89,14.26,12.02,5.36,38.56,False,True,7.82,1.62,0.72,1.45,3.5,3.31,4.8
O00080,20,Easton,Polaris,4.26,19.53,assigned,D005,0.61,3.19,55,accepted,16.06,0,M002,Easton Kitchen,27.71,0.0,0.0,27.71,4.32,23.39,12.68,4.49,46.26,False,True,7.22,1.62,0.72,1.45,3.5,4.84,7.02
O00081,13,Westerville,Downtown,7.29,30.48,assigned,D045,0.59,4.07,55,accepted,15.04,0,M006,Westerville Eats,15.79,0.0,0.0,15.79,6.28,9.51,24.76,8.76,50.35,False,True,11.72,1.45,0.76,1.45,3.5,4.15,6.02
O00082,21,Downtown,Polaris,3.9,16.78,assigned,D045,0.79,2.05,55,accepted,17.84,0,M003,Downtown Express,15.32,0.0,0.0,15.32,2.08,13.24,8.71,4.67,30.47,False,False,6.92,0.72,0.96,1.3,2.25,2.09,2.72
O00083,14,Clintonville,Polaris,8.36,31.61,assigned,D002,0.42,3.63,53,accepted,16.49,2,M005,Clintonville Cafe,18.36,0.0,0.0,18.36,3.72,14.64,18.86,3.14,42.1,False,False,11.4,0.92,0.95,1.45,3.5,3.41,4.94
O00084,9,Downtown,Clintonville,4.11,14.97,assigned,D030,0.59,3.94,55,accepted,17.14,0,M003,Downtown Express,26.67,0.0,0.0,26.67,5.35,21.32,12.27,6.6,46.72,False,False,8.11,0.78,0.92,1.3,2.25,2.09,2.72
O00085,20,Downtown,Polaris,1.87,9.23,assigned,D015,0.4,3.56,54,accepted,19.13,1,M003,Downtown Express,32.43,0.0,0.0,32.43,4.82,27.61,5.57,9.46,49.12,False,True,6.67,1.62,0.72,1.3,2.25,2.09,2.72
O00086,14,Clintonville,Polaris,6.94,24.96,assigned,D030,0.57,4.07,55,accepted,20.18,0,M005,Clintonville Cafe,13.99,0.0,0.0,13.99,4.17,9.82,15.65,6.56,37.51,False,False,11.7,0.92,0.95,1.45,3.5,3.41,4.94
O00087,19,Gahanna,Westerville,7.26,29.31,assigned,D030,0.62,1.69,55,accepted,27.65,0,M004,Gahanna Bites,15.6,0.0,0.0,15.6,2.29,13.31,21.61,5.45,43.88,False,True,9.86,1.62,0.72,1.45,3.5,3.31,4.8
O00088,20,Polaris,Westerville,3.6,15.71,assigned,D005,0.68,2.44,55,accepted,23.63,0,M001,Polaris Grill,20.49,0.0,2.7,23.19,3.3,19.89,10.71,7.47,43.16,False,True,7.22,1.62,0.72,1.45,3.5,2.75,3.99
O00089,11,Polaris,Polaris,8.41,33.36,assigned,D030,0.55,2.4,54,accepted,17.32,1,M001,Polaris Grill,19.92,5.25,0.0,25.17,3.7,21.47,28.57,8.29,62.91,True,True,11.94,1.45,0.76,1.45,3.5,2.75,3.99
O00090,19,Clintonville,Polaris,2.16,11.94,assigned,D030,0.53,2.57,55,accepted,18.39,0,M005,Clintonville Cafe,12.85,0.0,0.0,12.85,3.48,9.37,6.43,8.84,28.97,False,True,6.3,1.62,0.72,1.45,3.5,3.41,4.94
O00091,15,Clintonville,Downtown,2.47,11.94,assigned,D042,0.49,5.65,55,accepted,31.12,0,M005,Clintonville Cafe,15.41,0.0,0.0,15.41,5.8,9.61,5.57,2.75,25.27,False,False,6.26,0.92,0.95,1.45,3.5,3.41,4.94
O00092,11,Clintonville,Clintonville,1.66,9.92,assigned,D005,0.44,2.97,55,accepted,10.41,0,M005,Clintonville Cafe,13.47,0.0,0.0,13.47,4.59,8.88,5.64,2.72,23.42,False,True,3.81,1.45,0.76,1.45,3.5,3.41,4.94
O00093,14,Gahanna,Downtown,4.88,22.78,assigned,D029,0.57,4.75,54,accepted,12.86,1,M004,Gahanna Bites,14.19,0.0,0.0,14.19,4.87,9.32,11.01,6.97,32.68,False,False,10.13,0.92,0.95,1.45,3.5,3.31,4.8
O00094,18,Polaris,Clintonville,5.01,21.73,assigned,D005,0.63,1.03,55,accepted,13.15,0,M001,Polaris Grill,15.03,0.0,0.0,15.03,1.89,13.14,20.15,6.23,42.94,False,True,7.03,1.62,0.72,1.45,3.5,2.75,3.99
O00095,11,Gahanna,Clintonville,7.39,27.9,assigned,D046,0.53,5.1,55,accepted,40.75,0,M004,Gahanna Bites,19.6,0.0,0.0,19.6,7.88,11.72,25.1,6.28,51.7,False,True,11.56,1.45,0.76,1.45,3.5,3.31,4.8
O00096,12,Polaris,Easton,1.74,9.78,assigned,D030,0.54,4.18,53,accepted,30.39,2,M001,Polaris Grill,21.53,0.0,0.0,21.53,6.45,15.08,5.91,8.46,37.18,False,True,6.13,1.45,0.76,1.45,3.5,2.75,3.99
O00097,20,Easton,Gahanna,5.76,24.67,assigned,D046,0.65,2.02,55,accepted,24.83,0,M002,Easton Kitchen,19.87,0.0,0.0,19.87,2.74,17.13,17.14,2.98,41.24,False,True,7.68,1.62,0.72,1.45,3.5,4.84,7.02
O00098,6,Polaris,Downtown,5.07,21.36,assigned,D002,0.56,4.8,55,accepted,39.75,0,M001,Polaris Grill,15.29,0.0,0.0,15.29,5.7,9.59,13.25,6.32,36.65,False,False,9.67,0.55,0.82,1.45,3.5,2.75,3.99
O00099,9,Clintonville,Westerville,2.04,12.43,assigned,D002,0.49,3.7,55,accepted,8.57,0,M005,Clintonville Cafe,9.92,0.0,0.0,9.92,5.02,4.9,6.09,5.02,21.92,False,False,5.4,0.78,0.92,1.45,3.5,3.41,4.94
O00100,13,Downtown,Clintonville,4.34,19.71,assigned,D002,0.79,0.66,55,accepted,29.37,0,M003,Downtown Express,11.76,0.0,0.0,11.76,1.02,10.74,14.74,3.23,30.85,False,True,5.59,1.45,0.76,1.3,2.25,2.09,2.72
O00101,9,Clintonville,Easton,4.24,16.57,assigned,D002,0.59,4.44,55,accepted,25.38,0,M005,Clintonville Cafe,7.96,0.0,0.0,7.96,6.03,1.93,12.66,2.99,25.32,False,False,7.26,0.78,0.92,1.45,3.5,3.41,4.94
O00102,10,Polaris,Polaris,8.16,33.47,assigned,D002,0.5,3.5,55,accepted,31.16,0,M001,Polaris Grill,12.74,0.0,0.0,12.74,3.7,9.04,19.01,4.05,37.35,False,False,11.49,0.78,0.92,1.45,3.5,2.75,3.99
O00103,13,Downtown,Gahanna,1.88,9.15,assigned,D029,0.63,4.16,55,accepted,28.7,0,M003,Downtown Express,27.51,0.0,0.0,27.51,6.42,21.09,6.39,6.32,41.83,False,True,5.63,1.45,0.76,1.3,2.25,2.09,2.72
O00104,12,Gahanna,Clintonville,1.64,11.15,assigned,D023,0.5,5.24,53,accepted,32.51,2,M004,Gahanna Bites,15.47,0.0,0.0,15.47,8.08,7.39,5.57,5.5,27.24,False,True,5.64,1.45,0.76,1.45,3.5,3.31,4.8
O00105,14,Downtown,Downtown,3.78,17.1,assigned,D046,0.47,3.83,54,accepted,27.61,1,M003,Downtown Express,25.79,0.0,7.65,33.44,3.92,29.52,8.53,4.67,47.82,False,False,7.59,0.92,0.95,1.3,2.25,2.09,2.72
O00106,5,Polaris,Gahanna,1.58,9.28,assigned,D046,0.6,2.51,55,accepted,16.67,0,M001,Polaris Grill,9.5,0.0,0.0,9.5,2.18,7.32,3.02,3.83,17.71,False,False,4.72,0.22,1.12,1.45,3.5,2.75,3.99
O00107,20,Polaris,Gahanna,2.75,13.93,assigned,D002,0.56,4.62,55,accepted,24.04,0,M001,Polaris Grill,15.36,0.0,0.0,15.36,6.25,9.11,8.18,8.42,32.69,False,True,7.68,1.62,0.72,1.45,3.5,2.75,3.99
O00108,13,Gahanna,Gahanna,3.88,18.89,assigned,D029,0.57,4.69,55,accepted,33.18,0,M004,Gahanna Bites,14.89,0.0,0.0,14.89,7.24,7.65,13.18,3.7,32.75,False,True,7.1,1.45,0.76,1.45,3.5,3.31,4.8
O00109,19,Clintonville,Polaris,8.31,35.52,assigned,D029,0.58,2.82,55,accepted,38.67,0,M005,Clintonville Cafe,13.26,0.0,0.0,13.26,3.81,9.45,24.73,7.53,47.23,False,True,12.12,1.62,0.72,1.45,3.5,3.41,4.94
O00110,22,Polaris,Easton,5.65,24.76,assigned,D015,0.47,4.64,55,accepted,36.72,0,M001,Polaris Grill,15.6,0.0,5.26,20.86,4.71,16.15,12.61,5.69,40.49,False,False,10.31,0.72,0.96,1.45,3.5,2.75,3.99
O00111,1,Polaris,Westerville,6.33,23.95,assigned,D015,0.7,0.48,55,accepted,28.12,0,M001,Polaris Grill,10.87,0.0,0.0,10.87,0.42,10.45,12.11,2.45,27.09,False,False,7.83,0.22,1.12,1.45,3.5,2.75,3.99
O00112,20,Clintonville,Polaris,5.33,21.17,assigned,D015,0.59,1.56,55,accepted,8.22,0,M005,Clintonville Cafe,12.32,0.0,0.0,12.32,2.11,10.21,15.86,8.81,37.85,False,True,9.0,1.62,0.72,1.45,3.5,3.41,4.94
O00113,17,Easton,Westerville,1.87,10.8,assigned,D030,0.62,3.34,55,accepted,32.73,0,M002,Easton Kitchen,31.75,0.0,6.6,38.35,6.11,32.24,7.52,10.42,57.59,False,True,5.98,1.62,0.72,1.45,3.5,4.84,7.02
O00114,14,Clintonville,Polaris,3.9,19.07,assigned,D023,0.52,4.91,54,accepted,38.51,1,M005,Clintonville Cafe,6.86,0.0,8.98,15.84,5.03,10.81,8.8,3.27,29.46,False,False,7.58,0.92,0.95,1.45,3.5,3.41,4.94
O00115,22,Polaris,Polaris,7.65,27.21,assigned,D023,0.75,2.57,55,accepted,10.54,0,M001,Polaris Grill,15.54,0.0,0.0,15.54,2.61,12.93,17.08,7.01,40.78,False,False,11.96,0.72,0.96,1.45,3.5,2.75,3.99
O00116,12,Easton,Easton,3.19,15.88,assigned,D030,0.6,1.8,55,accepted,35.23,0,M002,Easton Kitchen,21.94,0.0,0.0,21.94,2.79,19.15,10.84,6.73,41.1,False,True,5.99,1.45,0.76,1.45,3.5,4.84,7.02
O00117,13,Polaris,Downtown,2.77,13.7,assigned,D015,0.68,2.42,55,accepted,13.28,0,M001,Polaris Grill,19.68,0.0,0.0,19.68,3.74,15.94,9.41,9.55,39.83,False,True,6.68,1.45,0.76,1.45,3.5,2.75,3.99
O00118,20,Polaris,Clintonville,6.15,25.2,assigned,D030,0.55,2.27,55,accepted,18.48,0,M001,Polaris Grill,18.26,0.0,0.0,18.26,3.07,15.19,18.3,4.32,41.55,False,True,8.63,1.62,0.72,1.45,3.5,2.75,3.99
O00119,20,Downtown,Westerville,8.39,26.26,assigned,D015,0.64,2.77,55,accepted,11.1,0,M003,Downtown Express,30.08,0.0,7.85,37.93,3.75,34.18,24.97,6.22,70.15,False,True,11.74,1.62,0.72,1.3,2.25,2.09,2.72
O00120,16,Easton,Clintonville,6.78,24.84,assigned,D030,0.63,1.34,55,accepted,9.06,0,M002,Easton Kitchen,9.15,0.0,0.0,9.15,1.86,7.29,20.67,7.47,38.46,False,False,9.84,0.92,0.95,1.45,3.5,4.84,7.02
O00121,19,Easton,Downtown,2.48,12.88,assigned,D016,0.57,5.74,55,accepted,41.41,0,M002,Easton Kitchen,9.25,0.0,2.08,11.33,7.77,3.56,7.38,6.7,27.14,False,True,7.34,1.62,0.72,1.45,3.5,4.84,7.02
O00122,19,Polaris,Polaris,7.09,25.05,assigned,D016,0.71,2.57,55,accepted,16.8,0,M001,Polaris Grill,18.85,0.0,0.0,18.85,3.48,15.37,21.1,6.88,47.36,False,True,10.57,1.62,0.72,1.45,3.5,2.75,3.99
O00123,21,Easton,Clintonville,4.56,17.21,assigned,D016,0.88,0.81,55,accepted,19.27,0,M002,Easton Kitchen,13.54,0.0,0.0,13.54,0.83,12.71,10.18,6.63,31.54,False,False,7.9,0.72,0.96,1.45,3.5,4.84,7.02
O00124,15,Polaris,Easton,6.38,24.6,assigned,D016,0.82,1.41,55,accepted,9.0,0,M001,Polaris Grill,14.73,0.0,0.0,14.73,1.44,13.29,14.39,4.92,34.8,False,False,9.2,0.92,0.95,1.45,3.5,2.75,3.99
O00125,11,Gahanna,Easton,2.45,14.09,assigned,D016,0.79,1.67,55,accepted,18.03,0,M004,Gahanna Bites,13.62,0.0,6.33,19.95,2.58,17.37,8.32,4.25,33.85,False,True,4.46,1.45,0.76,1.45,3.5,3.31,4.8
O00126,15,Clintonville,Gahanna,1.84,11.2,assigned,D016,0.87,0.79,55,accepted,38.08,0,M005,Clintonville Cafe,18.11,0.0,0.0,18.11,0.81,17.3,4.15,3.32,27.02,False,False,3.67,0.92,0.95,1.45,3.5,3.41,4.94
O00127,13,Westerville,Westerville,1.77,11.75,assigned,D051,0.49,5.1,53,accepted,14.11,2,M006,Westerville Eats,25.92,0.0,0.0,25.92,7.88,18.04,6.01,4.89,37.65,False,True,5.53,1.45,0.76,1.45,3.5,4.15,6.02
O00128,18,Westerville,Easton,1.76,10.89,assigned,D036,0.49,5.13,54,accepted,41.12,1,M006,Westerville Eats,17.15,0.0,8.94,26.09,9.37,16.72,7.08,10.9,45.55,False,True,6.8,1.62,0.72,1.45,3.5,4.15,6.02
O00129,19,Polaris,Polaris,3.76,19.44,assigned,D016,0.44,5.04,53,accepted,36.74,2,M001,Polaris Grill,18.21,0.0,0.0,18.21,6.82,11.39,11.19,8.07,38.85,False,True,8.76,1.62,0.72,1.45,3.5,2.75,3.99
O00130,18,Gahanna,Downtown,2.27,11.57,assigned,D046,0.56,4.58,54,accepted,27.15,1,M004,Gahanna Bites,14.37,5.5,0.0,19.87,8.37,11.5,9.13,5.43,36.41,True,True,5.7,1.62,0.72,1.45,3.5,3.31,4.8
O00131,20,Easton,Gahanna,1.75,11.66,assigned,D041,0.56,4.38,54,accepted,14.85,1,M002,Easton Kitchen,17.79,4.63,3.63,26.05,5.92,20.13,5.21,6.85,39.68,True,True,6.04,1.62,0.72,1.45,3.5,4.84,7.02
O00132,21,Clintonville,Downtown,6.75,27.25,assigned,D016,0.44,5.06,53,accepted,40.66,2,M005,Clintonville Cafe,15.25,4.93,0.0,20.18,5.13,15.05,15.07,5.51,42.68,True,False,11.52,0.72,0.96,1.45,3.5,3.41,4.94
O00133,23,Westerville,Clintonville,8.4,31.39,assigned,D036,0.63,1.96,54,accepted,30.07,1,M006,Westerville Eats,14.31,0.0,0.0,14.31,1.99,12.32,18.75,6.16,41.17,False,False,12.05,0.72,0.96,1.45,3.5,4.15,6.02
O00134,16,Westerville,Polaris,1.7,9.95,assigned,D016,0.67,2.71,55,accepted,28.02,0,M006,Westerville Eats,17.05,0.0,0.0,17.05,3.75,13.3,5.18,3.17,26.36,False,False,3.97,0.92,0.95,1.45,3.5,4.15,6.02
O00135,21,Polaris,Easton,3.77,15.21,assigned,D022,0.46,5.3,54,accepted,9.1,1,M001,Polaris Grill,12.71,0.0,0.0,12.71,5.38,7.33,8.42,4.29,27.29,False,False,8.1,0.72,0.96,1.45,3.5,2.75,3.99
O00136,17,Downtown,Gahanna,7.27,24.34,offer_declined_exhausted,,0.0,0.0,55,all_attempts_declined,0.0,3,M003,Downtown Express,5.4,0.0,0.0,5.4,0.0,5.4,0.0,0.0,0.0,False,True,0.0,1.62,0.72,1.3,2.25,2.09,2.72
O00137,18,Downtown,Downtown,5.54,21.13,assigned,D042,0.54,5.1,55,accepted,23.19,0,M003,Downtown Express,35.1,0.0,0.0,35.1,9.33,25.77,22.28,12.75,71.01,False,True,11.03,1.62,0.72,1.3,2.25,2.09,2.72
O00138,6,Gahanna,Easton,7.74,30.29,assigned,D016,0.5,4.38,54,accepted,38.07,1,M004,Gahanna Bites,15.49,3.93,0.0,19.42,5.2,14.22,20.23,2.9,43.62,True,False,10.84,0.55,0.82,1.45,3.5,3.31,4.8
O00139,13,Easton,Easton,5.62,23.99,assigned,D042,0.86,0.84,55,accepted,13.53,0,M002,Easton Kitchen,7.8,0.0,0.0,7.8,1.29,6.51,19.09,4.82,33.48,False,True,7.42,1.45,0.76,1.45,3.5,4.84,7.02
O00140,20,Polaris,Downtown,8.37,28.42,assigned,D042,0.73,2.13,55,accepted,20.77,0,M001,Polaris Grill,18.03,2.85,0.0,20.88,2.89,17.99,24.91,4.64,51.75,True,True,10.9,1.62,0.72,1.45,3.5,2.75,3.99
O00141,9,Polaris,Easton,4.4,18.98,assigned,D029,0.43,6.05,54,accepted,13.34,1,M001,Polaris Grill,9.42,6.71,0.0,16.13,8.21,7.92,13.14,9.23,39.31,True,False,10.24,0.78,0.92,1.45,3.5,2.75,3.99
O00142,11,Gahanna,Polaris,7.9,30.16,assigned,D029,0.7,1.52,55,accepted,17.02,0,M004,Gahanna Bites,12.3,0.0,0.0,12.3,2.34,9.96,26.84,8.39,48.39,False,True,11.06,1.45,0.76,1.45,3.5,3.31,4.8
O00143,12,Polaris,Downtown,6.96,28.3,assigned,D029,0.95,0.73,55,accepted,18.01,0,M001,Polaris Grill,18.28,0.0,0.0,18.28,1.12,17.16,23.64,7.37,50.7,False,True,9.46,1.45,0.76,1.45,3.5,2.75,3.99
O00144,14,Downtown,Gahanna,4.02,16.1,assigned,D029,0.87,1.58,55,accepted,18.48,0,M003,Downtown Express,15.07,6.22,4.04,25.33,1.62,23.71,9.07,1.94,37.58,True,False,5.6,0.92,0.95,1.3,2.25,2.09,2.72
O00145,12,Polaris,Easton,7.57,28.34,assigned,D016,0.58,3.56,55,accepted,23.16,0,M001,Polaris Grill,13.85,0.0,0.0,13.85,5.5,8.35,25.72,3.53,44.3,False,True,10.23,1.45,0.76,1.45,3.5,2.75,3.99
O00146,20,Polaris,Downtown,3.46,17.06,assigned,D016,0.75,1.74,55,accepted,10.91,0,M001,Polaris Grill,15.96,0.0,7.27,23.23,2.35,20.88,10.3,4.29,39.13,False,True,5.69,1.62,0.72,1.45,3.5,2.75,3.99
O00147,11,Gahanna,Westerville,8.05,29.29,assigned,D012,0.46,5.26,53,accepted,24.19,2,M004,Gahanna Bites,8.71,0.0,0.0,8.71,8.12,0.59,27.35,4.62,42.53,False,True,11.8,1.45,0.76,1.45,3.5,3.31,4.8
O00148,22,Gahanna,Gahanna,6.09,27.61,assigned,D029,0.6,4.22,55,accepted,31.04,0,M004,Gahanna Bites,11.1,0.0,0.0,11.1,4.29,6.81,13.59,2.28,27.65,False,False,9.03,0.72,0.96,1.45,3.5,3.31,4.8
O00149,13,Polaris,Easton,1.88,11.35,assigned,D023,0.41,5.96,55,accepted,41.6,0,M001,Polaris Grill,29.58,4.12,0.0,33.7,9.21,24.49,6.39,4.65,46.73,True,True,5.96,1.45,0.76,1.45,3.5,2.75,3.99
O00150,20,Easton,Westerville,2.52,12.87,assigned,D023,0.6,4.03,55,accepted,39.08,0,M002,Easton Kitchen,18.8,0.0,0.0,18.8,5.45,13.35,7.5,8.33,35.71,False,True,7.15,1.62,0.72,1.45,3.5,4.84,7.02
O00151,14,Gahanna,Gahanna,8.5,28.97,assigned,D023,0.55,2.71,55,accepted,29.18,0,M004,Gahanna Bites,12.46,0.0,0.0,12.46,2.77,9.69,19.17,3.56,36.33,False,False,11.31,0.92,0.95,1.45,3.5,3.31,4.8
O00152,19,Polaris,Easton,6.83,30.61,assigned,D015,0.4,3.37,54,accepted,27.13,1,M001,Polaris Grill,22.04,0.0,0.0,22.04,4.55,17.49,20.33,7.23,50.53,False,True,10.79,1.62,0.72,1.45,3.5,2.75,3.99
O00153,4,Westerville,Westerville,7.6,31.05,assigned,D023,0.54,2.82,55,accepted,9.27,0,M006,Westerville Eats,11.67,0.0,0.0,11.67,2.45,9.22,14.54,2.22,29.14,False,False,10.04,0.22,1.12,1.45,3.5,4.15,6.02
O00154,22,Westerville,Clintonville,7.27,31.57,assigned,D023,0.6,3.92,55,accepted,16.08,0,M006,Westerville Eats,17.09,0.0,8.23,25.32,3.97,21.35,16.23,5.49,48.92,False,False,11.51,0.72,0.96,1.45,3.5,4.15,6.02
O00155,11,Downtown,Gahanna,1.52,8.6,assigned,D042,0.56,5.59,55,accepted,31.67,0,M003,Downtown Express,27.13,0.0,0.0,27.13,8.63,18.5,5.16,3.46,37.56,False,True,5.08,1.45,0.76,1.3,2.25,2.09,2.72
O00156,6,Clintonville,Easton,3.28,16.48,assigned,D042,0.81,1.21,55,accepted,17.16,0,M005,Clintonville Cafe,9.68,0.0,0.0,9.68,1.44,8.24,8.57,8.21,27.92,False,False,6.97,0.55,0.82,1.45,3.5,3.41,4.94
O00157,22,Westerville,Downtown,8.25,35.4,assigned,D042,0.78,1.52,55,accepted,35.91,0,M006,Westerville Eats,17.95,0.0,0.0,17.95,1.54,16.41,18.42,2.92,40.03,False,False,10.25,0.72,0.96,1.45,3.5,4.15,6.02
O00158,3,Westerville,Clintonville,8.11,36.17,assigned,D042,0.71,2.22,55,accepted,37.9,0,M006,Westerville Eats,9.12,0.0,0.0,9.12,1.93,7.19,15.52,3.86,29.29,False,False,11.14,0.22,1.12,1.45,3.5,4.15,6.02
O00159,2,Westerville,Gahanna,4.87,19.84,assigned,D052,0.46,4.58,54,accepted,25.17,1,M006,Westerville Eats,15.01,0.0,0.0,15.01,3.98,11.03,9.32,3.35,28.36,False,False,8.7,0.22,1.12,1.45,3.5,4.15,6.02
O00160,11,Downtown,Gahanna,2.21,10.34,assigned,D052,0.67,0.62,55,accepted,27.95,0,M003,Downtown Express,33.24,6.35,0.0,39.59,0.95,38.64,7.51,5.74,53.58,True,True,4.18,1.45,0.76,1.3,2.25,2.09,2.72
O00161,20,Polaris,Polaris,8.02,33.27,assigned,D015,0.39,3.5,54,accepted,30.01,1,M001,Polaris Grill,15.33,4.86,0.0,20.19,4.73,15.46,23.87,4.85,49.82,True,True,11.24,1.62,0.72,1.45,3.5,2.75,3.99
O00162,17,Polaris,Clintonville,6.77,25.85,assigned,D042,0.4,5.21,54,accepted,30.01,1,M001,Polaris Grill,13.15,0.0,0.0,13.15,9.53,3.62,27.23,11.3,52.19,False,True,11.95,1.62,0.72,1.45,3.5,2.75,3.99
O00163,11,Downtown,Polaris,1.87,11.07,assigned,D042,0.73,1.89,55,accepted,20.8,0,M003,Downtown Express,17.08,0.0,0.0,17.08,2.92,14.16,6.35,9.27,33.59,False,True,5.46,1.45,0.76,1.3,2.25,2.09,2.72
O00164,14,Easton,Polaris,4.23,17.99,assigned,D042,0.61,3.1,55,accepted,11.48,0,M002,Easton Kitchen,28.28,0.0,0.0,28.28,3.18,25.1,9.54,5.48,44.8,False,False,8.07,0.92,0.95,1.45,3.5,4.84,7.02
O00165,7,Downtown,Downtown,3.94,14.92,assigned,D046,0.47,5.48,54,accepted,37.29,1,M003,Downtown Express,13.06,2.32,0.0,15.38,8.34,7.04,13.2,6.63,36.78,True,False,8.41,0.55,0.82,1.3,2.25,2.09,2.72
O00166,22,Downtown,Clintonville,3.65,13.3,assigned,D015,0.45,2.77,53,accepted,31.15,2,M003,Downtown Express,11.43,0.0,7.36,18.79,2.81,15.98,8.15,1.9,30.32,False,False,5.76,0.72,0.96,1.3,2.25,2.09,2.72
O00167,14,Easton,Polaris,6.28,23.06,assigned,D053,0.55,5.43,55,accepted,14.46,0,M002,Easton Kitchen,11.68,0.0,6.96,18.64,5.57,13.07,14.17,3.81,37.45,False,False,10.44,0.92,0.95,1.45,3.5,4.84,7.02
O00168,11,Polaris,Downtown,7.81,25.59,assigned,D045,0.38,6.07,53,accepted,14.16,2,M001,Polaris Grill,19.13,0.0,0.0,19.13,9.38,9.75,26.53,8.25,54.6,False,True,13.0,1.45,0.76,1.45,3.5,2.75,3.99
O00169,13,Westerville,Polaris,5.64,23.26,assigned,D045,0.62,1.91,55,accepted,11.04,0,M006,Westerville Eats,17.94,0.0,0.0,17.94,2.96,14.98,19.16,9.31,48.02,False,True,9.25,1.45,0.76,1.45,3.5,4.15,6.02
O00170,17,Easton,Polaris,1.55,10.16,offer_declined_exhausted,,0.0,0.0,55,all_attempts_declined,0.0,3,M002,Easton Kitchen,16.42,0.0,0.0,16.42,0.0,16.42,0.0,0.0,0.0,False,True,0.0,1.62,0.72,1.45,3.5,4.84,7.02
O00171,22,Clintonville,Gahanna,7.31,28.93,assigned,D045,0.58,2.2,55,accepted,20.98,0,M005,Clintonville Cafe,17.68,0.0,0.0,17.68,2.23,15.45,16.32,6.0,40.58,False,False,11.0,0.72,0.96,1.45,3.5,3.41,4.94
O00172,18,Clintonville,Westerville,2.97,13.17,assigned,D053,0.56,3.5,54,accepted,23.56,1,M005,Clintonville Cafe,16.49,0.0,0.0,16.49,6.39,10.1,11.94,10.78,40.79,False,True,7.24,1.62,0.72,1.45,3.5,3.41,4.94
O00173,19,Easton,Easton,5.37,20.71,assigned,D021,0.54,5.81,55,accepted,33.88,0,M002,Easton Kitchen,17.77,3.37,0.0,21.14,7.86,13.28,15.98,10.24,49.0,True,True,11.45,1.62,0.72,1.45,3.5,4.84,7.02
O00174,9,Downtown,Gahanna,1.69,9.14,assigned,D016,0.51,5.98,54,accepted,21.03,1,M003,Downtown Express,15.25,0.0,6.3,21.55,8.12,13.43,5.05,6.63,34.03,False,False,6.63,0.78,0.92,1.3,2.25,2.09,2.72
O00175,12,Easton,Easton,1.35,9.13,assigned,D021,0.79,3.23,55,accepted,29.31,0,M002,Easton Kitchen,15.17,0.0,0.0,15.17,4.99,10.18,4.59,8.93,30.23,False,True,5.45,1.45,0.76,1.45,3.5,4.84,7.02
O00176,17,Westerville,Downtown,3.05,13.48,assigned,D016,0.66,2.57,54,accepted,18.14,1,M006,Westerville Eats,25.73,0.0,0.0,25.73,4.71,21.02,12.27,3.34,42.92,False,True,5.05,1.62,0.72,1.45,3.5,4.15,6.02
O00177,21,Gahanna,Westerville,6.0,21.82,assigned,D021,0.69,2.42,55,accepted,20.21,0,M004,Gahanna Bites,20.51,0.0,0.0,20.51,2.46,18.05,13.39,2.48,38.3,False,False,8.21,0.72,0.96,1.45,3.5,3.31,4.8
O00178,17,Polaris,Downtown,1.52,10.32,assigned,D016,0.53,3.85,54,accepted,28.05,1,M001,Polaris Grill,6.59,0.0,0.0,6.59,7.04,0.0,6.11,6.48,20.68,False,True,4.88,1.62,0.72,1.45,3.5,2.75,3.99
O00179,21,Gahanna,Polaris,4.59,21.17,assigned,D029,0.54,4.77,55,accepted,30.51,0,M004,Gahanna Bites,14.65,6.97,0.0,21.62,4.84,16.78,10.25,2.7,35.1,True,False,7.97,0.72,0.96,1.45,3.5,3.31,4.8
O00180,13,Westerville,Westerville,6.43,28.7,assigned,D053,0.59,4.91,55,accepted,24.13,0,M006,Westerville Eats,15.16,0.0,0.0,15.16,7.58,7.58,21.84,6.69,45.23,False,True,10.63,1.45,0.76,1.45,3.5,4.15,6.02
O00181,22,Easton,Gahanna,7.67,28.08,assigned,D034,0.53,4.73,55,accepted,12.66,0,M002,Easton Kitchen,12.12,0.0,0.0,12.12,4.8,7.32,17.12,6.29,36.19,False,False,12.64,0.72,0.96,1.45,3.5,4.84,7.02
O00182,10,Westerville,Polaris,4.66,17.76,assigned,D053,0.68,4.05,55,accepted,14.79,0,M006,Westerville Eats,9.99,0.0,2.74,12.73,4.29,8.44,10.85,3.54,28.4,False,False,8.02,0.78,0.92,1.45,3.5,4.15,6.02
O00183,17,Easton,Clintonville,7.52,27.49,assigned,D053,0.74,1.58,55,accepted,19.24,0,M002,Easton Kitchen,19.97,6.67,0.0,26.64,2.9,23.74,30.24,10.01,68.4,True,True,10.73,1.62,0.72,1.45,3.5,4.84,7.02
O00184,20,Downtown,Clintonville,6.63,28.35,assigned,D016,0.68,4.16,55,accepted,25.4,0,M003,Downtown Express,26.5,2.45,0.0,28.95,5.62,23.33,19.73,2.65,51.99,True,True,9.41,1.62,0.72,1.3,2.25,2.09,2.72
O00185,11,Westerville,Polaris,6.25,24.83,assigned,D016,0.72,1.91,55,accepted,9.34,0,M006,Westerville Eats,21.64,2.87,0.0,24.51,2.96,21.55,21.23,4.59,52.03,True,True,8.47,1.45,0.76,1.45,3.5,4.15,6.02
O00186,18,Gahanna,Gahanna,6.51,23.1,assigned,D034,0.55,4.55,54,accepted,30.55,1,M004,Gahanna Bites,14.74,0.0,0.0,14.74,8.33,6.41,26.18,4.34,46.3,False,True,9.66,1.62,0.72,1.45,3.5,3.31,4.8
O00187,12,Westerville,Clintonville,3.34,13.92,assigned,D021,0.54,5.7,54,accepted,17.24,1,M006,Westerville Eats,19.21,0.0,0.0,19.21,8.8,10.41,11.35,6.01,38.34,False,True,7.7,1.45,0.76,1.45,3.5,4.15,6.02
O00188,18,Westerville,Polaris,5.6,23.02,assigned,D012,0.53,4.53,54,accepted,13.42,1,M006,Westerville Eats,16.26,5.48,0.0,21.74,8.29,13.45,22.52,8.08,53.73,True,True,9.67,1.62,0.72,1.45,3.5,4.15,6.02
O00189,19,Easton,Downtown,6.51,29.62,assigned,D026,0.52,4.07,53,accepted,11.84,2,M002,Easton Kitchen,23.1,5.42,0.0,28.52,5.51,23.01,19.37,8.18,56.64,True,True,11.11,1.62,0.72,1.45,3.5,4.84,7.02
O00190,19,Clintonville,Easton,8.35,36.16,assigned,D016,0.69,2.22,55,accepted,34.1,0,M005,Clintonville Cafe,16.42,0.0,0.0,16.42,3.01,13.41,24.85,7.65,50.26,False,True,11.93,1.62,0.72,1.45,3.5,3.41,4.94
O00191,16,Polaris,Gahanna,4.95,22.06,assigned,D029,0.58,4.38,55,accepted,16.45,0,M001,Polaris Grill,11.44,5.31,0.0,16.75,6.07,10.68,15.09,5.49,38.84,True,False,8.74,0.92,0.95,1.45,3.5,2.75,3.99
O00192,3,Westerville,Downtown,6.15,24.03,assigned,D029,0.57,2.64,55,accepted,9.86,0,M006,Westerville Eats,19.14,0.0,0.0,19.14,2.3,16.84,11.77,5.38,37.01,False,False,10.16,0.22,1.12,1.45,3.5,4.15,6.02
O00193,16,Clintonville,Downtown,3.87,17.08,assigned,D021,0.61,5.02,55,accepted,40.98,0,M005,Clintonville Cafe,12.81,0.0,0.0,12.81,6.95,5.86,11.8,7.19,32.63,False,False,8.51,0.92,0.95,1.45,3.5,3.41,4.94
O00194,18,Polaris,Westerville,4.48,18.76,assigned,D042,0.57,5.26,55,accepted,35.24,0,M001,Polaris Grill,15.41,0.0,0.0,15.41,9.61,5.8,18.02,6.84,42.05,False,True,8.57,1.62,0.72,1.45,3.5,2.75,3.99
O00195,6,Westerville,Polaris,5.07,21.08,assigned,D042,0.79,2.99,55,accepted,8.01,0,M006,Westerville Eats,9.18,0.0,4.89,14.07,3.55,10.52,13.25,2.82,31.55,False,False,7.51,0.55,0.82,1.45,3.5,4.15,6.02
O00196,17,Downtown,Polaris,1.39,7.59,assigned,D026,0.73,1.94,55,accepted,40.31,0,M003,Downtown Express,24.49,5.36,0.0,29.85,3.54,26.31,5.59,6.23,42.25,True,True,3.82,1.62,0.72,1.3,2.25,2.09,2.72
O00197,1,Downtown,Easton,3.11,12.79,assigned,D021,0.69,4.11,55,accepted,32.34,0,M003,Downtown Express,10.24,0.0,0.0,10.24,3.58,6.66,5.95,3.39,21.21,False,False,6.75,0.22,1.12,1.3,2.25,2.09,2.72
O00198,13,Polaris,Polaris,6.27,28.74,assigned,D021,0.75,1.72,55,accepted,17.93,0,M001,Polaris Grill,14.34,0.0,0.0,14.34,2.65,11.69,21.3,5.5,42.7,False,True,8.67,1.45,0.76,1.45,3.5,2.75,3.99
O00199,15,Polaris,Downtown,4.5,21.67,assigned,D026,0.75,1.72,54,accepted,21.36,1,M001,Polaris Grill,18.04,5.05,0.0,23.09,1.76,21.33,10.15,4.26,39.18,True,False,7.17,0.92,0.95,1.45,3.5,2.75,3.99
O00200,13,Gahanna,Gahanna,8.26,37.08,assigned,D021,0.85,0.7,55,accepted,36.47,0,M004,Gahanna Bites,19.18,0.0,0.0,19.18,1.09,18.09,28.06,4.04,52.94,False,True,9.77,1.45,0.76,1.45,3.5,3.31,4.8
O00201,12,Gahanna,Downtown,5.16,24.73,assigned,D034,0.71,2.95,54,accepted,36.52,1,M004,Gahanna Bites,16.74,0.0,0.0,16.74,4.55,12.19,17.53,7.78,43.31,False,True,8.79,1.45,0.76,1.45,3.5,3.31,4.8
O00202,20,Polaris,Westerville,5.86,26.17,assigned,D042,0.69,3.98,55,accepted,12.36,0,M001,Polaris Grill,16.1,0.0,0.0,16.1,5.39,10.71,17.44,4.55,39.49,False,True,9.2,1.62,0.72,1.45,3.5,2.75,3.99
O00203,14,Easton,Gahanna,6.98,25.57,assigned,D043,0.52,5.5,54,accepted,41.0,1,M002,Easton Kitchen,5.56,0.0,0.0,5.56,5.64,0.0,15.74,4.87,26.96,False,False,11.64,0.92,0.95,1.45,3.5,4.84,7.02
O00204,9,Clintonville,Polaris,3.89,19.08,assigned,D036,0.56,4.4,53,accepted,29.51,2,M005,Clintonville Cafe,17.55,0.0,0.0,17.55,5.97,11.58,11.62,9.05,39.65,False,False,8.92,0.78,0.92,1.45,3.5,3.41,4.94
O00205,9,Easton,Clintonville,1.68,10.41,assigned,D043,0.61,2.79,54,accepted,18.96,1,M002,Easton Kitchen,9.39,0.0,0.0,9.39,3.79,5.6,5.02,7.41,22.84,False,False,5.43,0.78,0.92,1.45,3.5,4.84,7.02
O00206,15,Downtown,Downtown,6.81,27.98,assigned,D043,0.56,3.19,53,accepted,35.48,2,M003,Downtown Express,4.0,0.0,0.0,4.0,3.27,0.73,15.36,4.89,24.79,False,False,10.43,0.92,0.95,1.3,2.25,2.09,2.72
O00207,17,Polaris,Gahanna,1.74,10.45,assigned,D043,0.75,1.28,54,accepted,31.48,1,M001,Polaris Grill,19.28,0.0,0.0,19.28,2.33,16.95,7.0,9.69,37.6,False,True,4.73,1.62,0.72,1.45,3.5,2.75,3.99
O00208,17,Easton,Polaris,5.87,22.58,assigned,D043,0.81,0.62,55,accepted,37.4,0,M002,Easton Kitchen,30.62,0.0,8.08,38.7,1.13,37.57,23.61,11.06,74.71,False,True,8.9,1.62,0.72,1.45,3.5,4.84,7.02
O00209,21,Westerville,Downtown,7.27,28.61,assigned,D021,0.61,3.01,54,accepted,41.18,1,M006,Westerville Eats,15.99,0.0,0.0,15.99,3.06,12.93,16.23,5.31,38.86,False,False,11.02,0.72,0.96,1.45,3.5,4.15,6.02
O00210,19,Westerville,Polaris,2.85,15.71,assigned,D043,0.69,1.8,54,accepted,38.99,1,M006,Westerville Eats,13.99,0.0,0.0,13.99,2.44,11.55,8.48,7.98,31.92,False,True,6.35,1.62,0.72,1.45,3.5,4.15,6.02
O00211,14,Polaris,Easton,3.03,15.32,assigned,D021,0.86,0.51,55,accepted,14.03,0,M001,Polaris Grill,8.49,0.0,0.0,8.49,0.52,7.97,6.83,3.16,19.26,False,False,4.66,0.92,0.95,1.45,3.5,2.75,3.99
O00212,20,Clintonville,Gahanna,5.69,20.96,assigned,D021,0.76,1.43,55,accepted,26.92,0,M005,Clintonville Cafe,9.92,0.0,0.0,9.92,1.93,7.99,16.93,6.04,34.28,False,True,8.37,1.62,0.72,1.45,3.5,3.41,4.94
O00213,17,Clintonville,Gahanna,2.33,13.21,assigned,D036,0.6,2.11,54,accepted,28.93,1,M005,Clintonville Cafe,12.95,0.0,0.0,12.95,3.86,9.09,9.37,6.56,30.11,False,True,4.92,1.62,0.72,1.45,3.5,3.41,4.94
O00214,12,Downtown,Gahanna,1.5,8.48,assigned,D021,0.71,1.89,55,accepted,15.48,0,M003,Downtown Express,19.75,0.0,0.0,19.75,2.92,16.83,5.1,5.4,30.85,False,True,3.95,1.45,0.76,1.3,2.25,2.09,2.72
O00215,11,Clintonville,Polaris,3.13,14.1,assigned,D021,0.57,3.32,55,accepted,19.28,0,M005,Clintonville Cafe,12.0,0.0,0.0,12.0,5.13,6.87,10.63,6.11,29.57,False,True,6.44,1.45,0.76,1.45,3.5,3.41,4.94
O00216,22,Downtown,Clintonville,4.84,19.9,assigned,D029,0.48,5.3,55,accepted,41.36,0,M003,Downtown Express,17.39,0.0,0.0,17.39,5.38,12.01,10.8,6.34,36.04,False,False,10.09,0.72,0.96,1.3,2.25,2.09,2.72
O00217,11,Easton,Downtown,2.99,15.58,assigned,D008,0.51,3.85,54,accepted,40.13,1,M002,Easton Kitchen,13.74,0.0,0.0,13.74,5.94,7.8,10.16,4.21,29.42,False,True,5.98,1.45,0.76,1.45,3.5,4.84,7.02
O00218,14,Westerville,Gahanna,1.64,10.02,assigned,D042,0.53,5.5,55,accepted,35.3,0,M006,Westerville Eats,11.35,0.0,0.0,11.35,5.64,5.71,3.7,4.53,20.15,False,False,6.15,0.92,0.95,1.45,3.5,4.15,6.02
O00219,19,Downtown,Easton,2.25,11.63,assigned,D008,0.69,2.07,55,accepted,8.25,0,M003,Downtown Express,5.4,0.0,8.69,14.09,2.8,11.29,6.7,8.9,31.19,False,True,6.18,1.62,0.72,1.3,2.25,2.09,2.72
O00220,16,Clintonville,Easton,8.32,28.33,assigned,D053,0.51,5.63,54,accepted,34.36,1,M005,Clintonville Cafe,11.36,4.69,0.0,16.05,7.8,8.25,25.36,8.53,51.86,True,False,13.68,0.92,0.95,1.45,3.5,3.41,4.94
O00221,18,Polaris,Polaris,2.96,13.1,assigned,D043,0.57,4.75,54,accepted,15.74,1,M001,Polaris Grill,12.63,0.0,2.38,15.01,8.69,6.32,11.9,8.49,36.48,False,True,7.23,1.62,0.72,1.45,3.5,2.75,3.99
O00222,12,Westerville,Westerville,3.32,15.42,assigned,D043,0.46,4.05,54,accepted,33.7,1,M006,Westerville Eats,18.77,0.0,6.71,25.48,6.25,19.23,11.28,6.25,44.56,False,True,7.0,1.45,0.76,1.45,3.5,4.15,6.02
O00223,15,Westerville,Westerville,7.14,32.36,assigned,D043,0.95,0.86,55,accepted,22.88,0,M006,Westerville Eats,20.53,5.83,0.0,26.36,0.88,25.48,16.11,6.83,50.79,True,False,10.56,0.92,0.95,1.45,3.5,4.15,6.02
O00224,12,Westerville,Polaris,4.84,20.81,assigned,D043,0.72,3.15,55,accepted,35.11,0,M006,Westerville Eats,22.83,0.0,0.0,22.83,4.86,17.97,16.44,7.07,48.28,False,True,8.35,1.45,0.76,1.45,3.5,4.15,6.02
O00225,15,Westerville,Gahanna,1.86,10.59,assigned,D043,0.73,1.25,55,accepted,40.28,0,M006,Westerville Eats,21.11,0.0,0.0,21.11,1.29,19.82,4.2,5.48,32.12,False,False,4.86,0.92,0.95,1.45,3.5,4.15,6.02
O00226,12,Downtown,Downtown,3.78,13.93,assigned,D043,0.74,1.14,55,accepted,40.2,0,M003,Downtown Express,16.89,0.0,0.0,16.89,1.77,15.12,12.84,2.75,34.1,False,True,5.11,1.45,0.76,1.3,2.25,2.09,2.72
O00227,11,Polaris,Westerville,6.11,22.6,assigned,D021,0.6,4.75,55,accepted,36.38,0,M001,Polaris Grill,10.9,3.1,0.0,14.0,7.34,6.66,20.76,7.03,42.56,True,True,10.34,1.45,0.76,1.45,3.5,2.75,3.99
O00228,11,Easton,Clintonville,7.64,32.44,assigned,D053,0.6,4.71,55,accepted,41.81,0,M002,Easton Kitchen,25.29,0.0,0.0,25.29,7.27,18.02,25.95,3.97,56.54,False,True,10.95,1.45,0.76,1.45,3.5,4.84,7.02
O00229,17,Westerville,Clintonville,1.57,9.84,assigned,D053,0.67,2.11,55,accepted,12.36,0,M006,Westerville Eats,23.89,0.0,0.0,23.89,3.86,20.03,6.31,3.86,34.72,False,True,3.49,1.62,0.72,1.45,3.5,4.15,6.02
O00230,20,Downtown,Downtown,4.88,20.82,assigned,D029,0.52,2.99,55,accepted,28.96,0,M003,Downtown Express,31.84,0.0,0.0,31.84,4.05,27.79,14.52,8.84,56.58,False,True,9.21,1.62,0.72,1.3,2.25,2.09,2.72
O00231,16,Easton,Easton,5.66,20.3,assigned,D009,0.5,5.21,55,accepted,33.15,0,M002,Easton Kitchen,13.86,0.0,3.72,17.58,7.22,10.36,17.25,3.84,40.44,False,False,9.29,0.92,0.95,1.45,3.5,4.84,7.02
O00232,15,Clintonville,Clintonville,5.27,20.76,assigned,D009,0.72,1.21,55,accepted,20.2,0,M005,Clintonville Cafe,14.9,0.0,0.0,14.9,1.24,13.66,11.89,5.77,33.89,False,False,8.38,0.92,0.95,1.45,3.5,3.41,4.94
O00233,10,Westerville,Clintonville,4.85,17.56,assigned,D021,0.57,5.02,54,accepted,10.6,1,M006,Westerville Eats,19.32,0.0,0.0,19.32,5.31,14.01,11.3,6.64,37.78,False,False,9.98,0.78,0.92,1.45,3.5,4.15,6.02
O00234,11,Polaris,Gahanna,4.99,19.7,assigned,D021,0.55,3.34,54,accepted,26.75,1,M001,Polaris Grill,8.84,0.0,0.0,8.84,5.16,3.68,16.95,2.96,30.75,False,True,7.38,1.45,0.76,1.45,3.5,2.75,3.99
O00235,13,Downtown,Gahanna,3.53,14.87,assigned,D009,0.69,1.45,55,accepted,17.89,0,M003,Downtown Express,20.47,0.0,0.0,20.47,2.24,18.23,11.99,7.68,41.41,False,True,6.45,1.45,0.76,1.3,2.25,2.09,2.72
O00236,16,Gahanna,Easton,3.66,18.32,assigned,D021,0.75,3.15,55,accepted,35.42,0,M004,Gahanna Bites,14.59,0.0,0.0,14.59,4.36,10.23,11.16,8.11,34.6,False,False,7.75,0.92,0.95,1.45,3.5,3.31,4.8
O00237,11,Polaris,Clintonville,4.67,17.2,assigned,D009,0.56,2.71,55,accepted,33.02,0,M001,Polaris Grill,21.84,0.0,0.0,21.84,4.18,17.66,15.86,6.83,45.57,False,True,7.91,1.45,0.76,1.45,3.5,2.75,3.99
O00238,14,Gahanna,Polaris,5.46,25.05,assigned,D009,0.66,1.69,55,accepted,38.86,0,M004,Gahanna Bites,19.6,3.03,4.59,27.22,1.74,25.48,12.32,4.44,45.18,True,False,8.2,0.92,0.95,1.45,3.5,3.31,4.8
O00239,18,Downtown,Gahanna,5.56,20.52,assigned,D021,0.54,3.39,54,accepted,16.95,1,M003,Downtown Express,31.42,0.0,0.0,31.42,6.19,25.23,22.36,7.52,62.07,False,True,8.97,1.62,0.72,1.3,2.25,2.09,2.72
O00240,14,Westerville,Downtown,5.42,24.2,assigned,D009,0.52,3.04,55,accepted,25.57,0,M006,Westerville Eats,14.57,0.0,0.0,14.57,3.11,11.46,12.23,2.05,30.71,False,False,7.71,0.92,0.95,1.45,3.5,4.15,6.02
O00241,1,Downtown,Westerville,6.46,26.77,assigned,D009,0.66,3.39,55,accepted,25.06,0,M003,Downtown Express,22.67,0.0,0.0,22.67,2.95,19.72,12.36,3.16,38.93,False,False,9.65,0.22,1.12,1.3,2.25,2.09,2.72
O00242,11,Polaris,Easton,1.43,9.65,assigned,D053,0.48,3.98,54,accepted,12.02,1,M001,Polaris Grill,12.7,0.0,0.0,12.7,6.15,6.55,4.86,10.06,29.33,False,True,6.2,1.45,0.76,1.45,3.5,2.75,3.99
O00243,13,Clintonville,Gahanna,4.26,17.92,assigned,D009,0.73,0.88,55,accepted,8.76,0,M005,Clintonville Cafe,11.15,0.0,0.0,11.15,1.36,9.79,14.47,7.95,34.93,False,True,7.0,1.45,0.76,1.45,3.5,3.41,4.94
O00244,11,Polaris,Westerville,7.92,34.78,assigned,D012,0.47,5.04,54,accepted,28.38,1,M001,Polaris Grill,17.24,3.29,6.01,26.54,7.78,18.76,26.9,8.25,62.23,True,True,12.64,1.45,0.76,1.45,3.5,2.75,3.99
O00245,18,Easton,Clintonville,4.99,22.33,assigned,D009,0.68,1.36,55,accepted,37.49,0,M002,Easton Kitchen,19.91,0.0,0.0,19.91,2.49,17.42,20.07,9.29,51.02,False,True,7.92,1.62,0.72,1.45,3.5,4.84,7.02
O00246,13,Easton,Easton,3.49,15.52,assigned,D053,0.6,4.55,55,accepted,16.99,0,M002,Easton Kitchen,23.13,5.3,0.0,28.43,7.03,21.4,11.86,6.66,47.96,True,True,7.52,1.45,0.76,1.45,3.5,4.84,7.02
O00247,16,Gahanna,Easton,6.13,27.95,assigned,D021,0.64,4.18,55,accepted,37.23,0,M004,Gahanna Bites,13.37,0.0,0.0,13.37,5.79,7.58,18.69,5.12,38.31,False,False,9.71,0.92,0.95,1.45,3.5,3.31,4.8
O00248,12,Clintonville,Westerville,5.65,20.93,assigned,D009,0.6,3.87,54,accepted,25.11,1,M005,Clintonville Cafe,16.73,0.0,0.0,16.73,5.98,10.75,19.19,9.21,46.35,False,True,10.12,1.45,0.76,1.45,3.5,3.41,4.94
O00249,23,Gahanna,Downtown,8.07,36.46,assigned,D021,0.74,1.3,55,accepted,25.75,0,M004,Gahanna Bites,15.99,0.0,0.0,15.99,1.32,14.67,18.01,2.3,36.86,False,False,9.69,0.72,0.96,1.45,3.5,3.31,4.8
O00250,16,Downtown,Downtown,6.35,22.83,assigned,D021,0.7,3.48,55,accepted,20.96,0,M003,Downtown Express,6.7,0.0,0.0,6.7,4.82,1.88,19.36,4.12,31.78,False,False,9.28,0.92,0.95,1.3,2.25,2.09,2.72
